category_name,category_id,emotion_score,reason_length,choice_count,temperature,humidity,discomfort_index,hour,regret_label
연애,1,1,80,2,3.9,38,45.5,21,0
연애,1,5,118,1,-3.8,52,33.8,7,1
진로,0,5,60,4,3.8,60,43.1,0,0
인간관계,2,6,118,3,6.1,52,46.9,10,0
연애,1,1,107,1,9.4,69,50.5,19,1
공부,4,7,21,4,16.4,73,61.0,2,2
공부,4,7,170,3,18.1,33,62.2,1,0
소비,3,7,84,1,29.2,37,75.4,12,2
공부,4,4,172,3,1.5,70,38.5,6,0
공부,4,6,175,1,19.4,46,64.3,17,1
소비,3,2,128,4,5.8,53,46.5,21,0
업무,5,7,24,2,27.9,65,77.6,12,2
공부,4,1,64,3,3.5,88,39.6,12,0
일상,7,2,77,2,4.9,93,41.5,8,0
음식,6,5,112,3,3.8,42,45.0,16,0
일상,7,1,22,1,1.1,45,41.2,21,2
음식,6,5,26,4,10.3,84,51.2,16,1
공부,4,5,12,1,22.3,93,71.6,8,2
업무,5,1,85,4,1.3,25,44.1,23,0
공부,4,5,55,1,29.8,63,80.0,20,2
소비,3,2,105,2,16.6,92,61.7,0,1
업무,5,4,14,1,32.2,64,83.6,7,2
진로,0,2,155,1,-1.6,87,31.2,2,1
인간관계,2,2,178,4,32.9,46,81.4,8,0
음식,6,2,148,2,23.5,76,72.1,21,0
업무,5,4,142,4,-0.2,53,38.5,2,0
업무,5,1,160,2,18.5,25,62.3,2,0
진로,0,2,27,1,29.4,34,75.1,16,1
소비,3,3,134,2,16.6,85,61.6,7,0
일상,7,7,114,2,-1.2,80,32.9,11,1
음식,6,4,129,1,21.9,37,66.8,1,1
음식,6,6,96,1,4.9,49,45.6,17,2
일상,7,2,118,2,6.1,56,46.6,2,0
일상,7,7,150,1,-3.0,94,27.6,0,2
연애,1,7,70,2,11.3,86,52.8,6,2
음식,6,1,52,4,-4.9,74,28.2,8,0
일상,7,3,118,4,1.2,62,39.1,6,0
진로,0,5,148,1,24.9,32,69.8,1,1
일상,7,5,145,2,-2.7,90,28.8,2,1
인간관계,2,1,162,1,22.0,55,68.2,12,1
연애,1,5,73,1,19.8,78,66.5,21,1
업무,5,3,62,3,4.5,75,42.6,4,0
공부,4,4,90,1,-4.6,37,35.6,2,1
소비,3,5,77,2,32.3,33,78.3,7,1
업무,5,3,50,4,28.3,63,77.9,19,0
진로,0,6,151,3,32.3,38,79.2,4,0
공부,4,1,37,2,5.9,51,46.8,22,0
업무,5,2,172,3,15.2,57,59.0,1,0
연애,1,6,118,3,-3.2,67,32.0,4,1
공부,4,2,123,4,17.4,39,61.5,2,0
인간관계,2,5,19,3,18.3,43,62.8,13,1
인간관계,2,1,88,3,31.0,30,76.3,11,0
소비,3,6,73,1,9.1,77,49.6,19,2
인간관계,2,2,51,2,30.3,28,75.2,5,2
업무,5,7,115,2,5.7,38,47.6,12,0
진로,0,7,130,2,3.0,83,39.3,11,1
공부,4,7,68,2,-4.1,49,34.0,12,1
업무,5,3,27,3,9.0,90,48.7,12,0
업무,5,1,39,3,2.1,58,40.9,1,0
연애,1,5,121,3,24.1,65,72.0,13,0
연애,1,4,157,2,5.2,80,43.2,0,1
소비,3,3,120,1,33.0,67,85.3,19,1
업무,5,6,41,3,15.3,77,59.3,10,1
음식,6,6,85,2,2.7,73,40.0,21,1
인간관계,2,5,155,3,11.2,25,54.6,9,0
공부,4,2,120,3,13.6,81,56.6,21,0
소비,3,5,131,2,21.4,61,67.8,16,0
업무,5,1,70,3,4.0,50,44.4,4,0
진로,0,1,72,4,19.5,34,63.8,14,0
음식,6,6,157,2,23.7,74,72.3,15,1
음식,6,2,47,1,30.7,38,77.3,13,2
소비,3,2,142,4,-3.0,56,34.2,3,0
일상,7,2,128,3,33.0,81,87.9,19,0
음식,6,7,150,4,30.9,85,85.2,14,1
공부,4,7,73,3,25.6,91,77.1,15,0
소비,3,3,122,1,23.5,55,70.3,8,1
업무,5,3,148,1,0.5,54,39.3,12,0
인간관계,2,6,64,1,11.6,67,53.8,17,2
일상,7,4,25,2,28.3,74,79.4,18,1
진로,0,7,157,4,14.1,70,57.5,9,0
음식,6,7,117,2,14.5,59,58.1,13,1
일상,7,1,109,3,21.8,76,69.5,23,0
인간관계,2,7,129,2,34.2,93,92.2,0,2
음식,6,5,154,1,-1.6,79,32.5,4,1
일상,7,2,22,3,10.2,52,52.4,14,1
업무,5,3,107,3,25.1,78,74.9,8,0
연애,1,4,14,1,35.0,69,88.7,7,2
연애,1,7,176,1,25.2,56,72.7,6,2
진로,0,5,49,2,0.0,39,40.7,18,1
소비,3,4,75,3,1.7,39,42.8,5,0
공부,4,1,158,1,32.2,73,85.2,12,1
소비,3,1,161,2,-0.9,63,36.0,21,0
연애,1,7,154,1,8.9,79,49.2,21,2
업무,5,1,139,3,-4.5,78,28.0,15,0
연애,1,4,102,4,23.3,80,72.2,5,0
공부,4,5,147,4,13.6,59,56.8,10,0
소비,3,7,32,3,30.3,56,79.6,14,2
음식,6,3,17,4,29.0,48,76.7,15,1
소비,3,3,76,3,6.2,60,46.4,17,0
진로,0,5,58,1,4.7,77,42.7,15,1
소비,3,6,131,4,12.9,27,56.3,2,1
공부,4,2,113,2,7.2,72,47.0,15,0
업무,5,4,150,3,9.1,83,49.3,8,0
공부,4,3,69,1,23.9,65,71.7,3,1
인간관계,2,2,65,4,6.1,92,43.6,19,0
공부,4,1,59,3,4.1,47,44.8,9,0
진로,0,6,146,2,6.0,31,48.6,17,0
공부,4,6,42,4,-0.9,26,41.6,18,1
공부,4,4,132,4,8.6,31,51.5,8,0
일상,7,1,26,4,14.7,31,58.3,4,0
인간관계,2,7,154,3,-1.6,56,36.1,3,1
음식,6,5,162,2,26.0,73,75.7,14,0
일상,7,3,160,4,7.2,32,49.8,19,0
연애,1,7,63,2,5.6,35,47.8,5,2
소비,3,2,151,1,1.3,77,37.3,14,1
일상,7,3,18,2,6.5,61,46.8,22,1
일상,7,1,69,3,26.5,50,73.7,13,0
연애,1,5,67,2,31.3,43,78.8,2,1
진로,0,2,88,3,12.6,84,55.0,22,0
공부,4,6,113,3,15.0,88,58.9,14,0
연애,1,5,20,4,24.4,57,71.7,0,2
연애,1,2,157,1,35.0,59,86.7,18,1
진로,0,7,54,4,15.8,81,60.2,8,1
인간관계,2,5,121,4,33.8,85,90.0,11,1
음식,6,3,92,1,29.3,67,79.9,13,1
일상,7,3,179,4,27.5,95,80.9,1,0
일상,7,1,90,3,7.9,76,47.8,16,0
진로,0,6,148,4,11.5,49,54.2,16,0
업무,5,5,137,4,25.4,51,72.4,8,0
인간관계,2,3,122,4,-0.1,55,38.3,22,0
인간관계,2,3,151,1,17.1,36,61.1,7,1
연애,1,4,40,2,14.9,62,58.6,16,1
공부,4,4,133,4,4.7,95,40.9,4,0
음식,6,2,163,2,29.6,60,79.3,13,0
업무,5,7,139,3,27.8,61,76.9,23,0
공부,4,7,160,4,29.6,82,82.6,17,0
일상,7,3,95,4,13.2,66,56.2,6,0
소비,3,5,108,2,29.2,77,81.2,1,1
업무,5,6,131,4,10.4,44,53.0,15,0
진로,0,2,138,3,29.8,81,82.8,3,0
일상,7,1,46,4,29.8,44,77.1,2,0
일상,7,7,77,3,19.9,75,66.5,20,0
연애,1,7,94,4,33.2,87,89.3,17,2
진로,0,5,27,2,20.2,61,66.1,7,1
연애,1,4,35,1,12.7,63,55.5,0,2
진로,0,3,24,3,9.3,80,49.8,4,1
소비,3,5,115,2,1.8,35,43.4,19,0
음식,6,5,71,4,31.5,43,79.1,7,0
일상,7,6,75,4,5.2,26,48.1,14,0
공부,4,6,149,2,-2.0,69,33.4,18,0
공부,4,6,118,3,13.3,63,56.4,6,0
음식,6,7,133,1,4.5,70,43.1,18,1
공부,4,6,85,1,34.1,75,88.5,8,2
진로,0,5,22,4,28.3,61,77.6,7,1
업무,5,2,172,2,19.8,42,64.6,20,0
연애,1,6,175,1,7.4,81,46.6,1,2
업무,5,6,43,1,31.4,66,82.8,23,2
음식,6,2,61,2,26.5,71,76.2,16,0
공부,4,7,52,3,31.6,86,86.5,9,2
업무,5,7,39,4,33.5,43,81.5,7,1
음식,6,7,152,3,-1.4,75,33.4,0,0
공부,4,5,41,4,9.7,58,51.4,18,0
음식,6,7,173,3,-0.7,54,37.6,15,0
진로,0,5,153,3,31.6,53,80.9,20,0
연애,1,6,128,3,21.0,39,65.8,4,1
진로,0,1,87,4,-0.4,55,37.9,17,0
인간관계,2,4,126,3,21.8,94,70.8,13,0
인간관계,2,4,177,1,28.3,77,79.8,8,1
진로,0,6,104,2,12.7,55,55.6,11,0
연애,1,6,104,3,-2.6,60,34.1,6,0
연애,1,7,126,1,21.5,27,65.6,1,2
업무,5,2,42,2,-2.3,95,28.7,6,1
소비,3,7,69,3,26.0,25,70.2,8,1
인간관계,2,2,148,3,26.9,39,72.9,21,0
진로,0,2,13,3,26.6,55,74.5,18,0
업무,5,1,54,3,-2.9,78,30.6,16,0
연애,1,6,26,4,12.9,71,55.7,16,1
연애,1,4,138,2,32.8,30,78.3,23,1
공부,4,4,174,1,-2.6,86,29.7,12,1
음식,6,6,37,4,23.5,81,72.6,2,2
연애,1,3,165,2,-2.4,60,34.4,19,0
업무,5,4,162,3,13.1,80,55.8,3,0
연애,1,7,177,2,12.2,54,55.0,13,1
업무,5,7,126,4,11.6,37,54.7,10,0
음식,6,3,180,3,10.0,44,52.5,21,0
일상,7,1,33,1,-1.3,37,39.5,23,2
업무,5,7,43,1,18.5,67,64.0,21,2
연애,1,4,100,4,29.7,31,75.0,9,0
공부,4,3,36,2,1.2,86,36.0,7,1
연애,1,3,152,3,-0.4,60,37.2,18,0
소비,3,7,119,1,19.4,59,64.9,0,2
인간관계,2,3,89,3,9.0,48,51.0,4,0
음식,6,1,46,1,-1.3,92,30.9,6,2
음식,6,4,126,3,1.3,64,39.0,23,0
업무,5,7,155,1,30.3,44,77.7,5,2
진로,0,6,30,3,12.7,79,55.2,15,1
일상,7,4,79,2,25.2,39,70.9,11,0
음식,6,1,82,4,16.1,64,60.4,1,0
소비,3,4,163,1,-4.7,63,30.6,6,1
인간관계,2,7,75,3,8.1,25,51.3,15,1
음식,6,2,43,4,16.3,54,60.5,16,0
업무,5,1,111,1,12.4,83,54.7,2,1
업무,5,5,119,4,23.4,78,72.2,9,0
연애,1,4,15,3,1.9,83,37.5,22,2
업무,5,1,121,1,4.7,76,42.8,16,0
연애,1,4,89,3,3.9,46,44.7,2,0
연애,1,5,140,2,31.2,69,83.0,11,1
인간관계,2,2,36,2,5.2,47,46.2,19,1
인간관계,2,7,177,1,2.1,88,37.2,14,2
일상,7,6,154,3,29.6,65,80.0,4,1
일상,7,1,130,4,20.3,60,66.2,18,0
진로,0,3,139,1,7.4,82,46.6,1,1
진로,0,3,83,1,20.8,36,65.4,19,0
음식,6,4,158,1,13.0,49,56.1,10,1
일상,7,5,48,1,13.0,68,55.9,22,2
연애,1,5,175,2,-3.4,81,29.2,14,1
인간관계,2,3,105,3,10.5,68,52.1,21,0
진로,0,7,171,3,-2.4,37,38.2,17,0
음식,6,3,74,2,8.3,43,50.4,11,0
공부,4,6,179,4,0.2,35,41.5,9,0
음식,6,6,94,2,21.8,92,70.7,2,2
음식,6,5,102,1,9.5,48,51.6,6,1
업무,5,7,134,2,4.1,42,45.3,4,1
연애,1,3,35,1,21.5,41,66.6,19,2
음식,6,2,51,2,28.3,46,75.5,23,1
일상,7,1,115,3,22.1,55,68.4,14,0
공부,4,7,124,2,16.4,64,60.8,15,0
소비,3,3,156,4,13.5,61,56.7,12,0
음식,6,2,61,2,29.9,31,75.3,20,0
일상,7,7,105,1,23.5,91,73.5,3,2
공부,4,1,51,3,13.0,90,55.5,4,0
음식,6,1,66,4,30.4,28,75.3,13,0
진로,0,4,138,3,4.4,35,46.4,11,0
소비,3,1,91,1,28.6,67,78.9,4,1
인간관계,2,1,83,4,22.8,42,68.2,22,0
일상,7,4,167,1,31.2,27,76.1,8,1
소비,3,7,48,4,-0.6,61,36.7,7,1
공부,4,1,22,2,11.8,83,53.7,2,2
연애,1,7,137,1,20.3,55,65.9,22,2
인간관계,2,3,119,1,19.6,55,65.0,18,1
음식,6,2,180,1,15.9,71,60.2,2,1
진로,0,4,130,1,20.4,72,67.1,8,0
진로,0,3,27,3,4.6,38,46.3,18,0
업무,5,2,21,3,16.8,47,61.0,21,0
일상,7,6,132,2,27.5,33,72.8,22,1
일상,7,1,85,2,-3.2,50,35.0,1,0
업무,5,3,141,4,34.6,94,93.1,15,0
공부,4,1,175,2,6.4,31,49.0,20,0
업무,5,3,41,3,12.5,76,55.0,23,0
일상,7,4,96,2,14.8,88,58.6,11,1
공부,4,7,31,4,-1.8,48,37.1,17,1
공부,4,3,36,1,8.1,62,49.0,9,1
일상,7,5,119,2,22.6,69,70.2,14,0
진로,0,6,100,4,6.0,32,48.5,2,0
음식,6,3,141,2,33.1,43,81.1,19,0
일상,7,1,42,1,4.4,71,42.8,11,1
음식,6,5,18,2,22.2,72,69.8,11,2
일상,7,7,29,2,16.2,75,60.7,10,2
공부,4,2,39,1,24.4,88,74.7,16,1
음식,6,5,40,3,26.0,82,76.7,6,1
공부,4,6,135,2,-0.1,34,41.3,14,0
인간관계,2,6,123,1,27.4,65,76.8,21,2
업무,5,6,26,3,30.7,45,78.4,22,1
인간관계,2,7,102,2,-0.1,50,39.0,4,1
소비,3,7,136,1,9.4,72,50.3,14,2
인간관계,2,5,32,1,7.4,86,46.3,16,2
음식,6,7,114,1,0.0,65,37.0,20,1
연애,1,4,129,3,0.1,95,32.9,20,0
인간관계,2,7,43,4,15.1,32,58.7,3,2
인간관계,2,3,52,2,7.9,53,49.3,11,1
공부,4,7,30,3,2.9,95,37.8,8,1
인간관계,2,6,87,1,15.1,46,58.8,18,2
인간관계,2,2,178,3,28.7,30,73.8,0,0
연애,1,1,174,3,21.0,78,68.4,19,0
진로,0,4,170,3,20.7,63,67.0,15,0
소비,3,7,113,3,13.1,32,56.5,5,1
일상,7,4,133,4,3.2,43,44.1,10,0
업무,5,6,98,4,0.2,72,36.3,16,0
연애,1,3,71,4,-0.1,82,34.4,7,0
인간관계,2,1,22,3,32.8,78,87.0,7,2
인간관계,2,7,93,3,2.6,45,43.1,15,1
일상,7,4,88,4,-4.1,75,29.2,16,0
일상,7,2,65,3,-3.1,61,33.2,15,0
일상,7,3,147,1,28.9,80,81.2,4,1
공부,4,6,103,4,9.6,76,50.4,1,0
소비,3,3,151,3,-2.1,89,30.0,14,0
공부,4,7,169,1,0.1,37,41.1,12,1
업무,5,7,96,3,25.2,50,72.0,19,0
음식,6,5,20,1,-3.4,67,31.7,15,2
일상,7,2,165,2,8.1,65,48.8,5,0
음식,6,5,86,3,15.3,90,59.5,17,0
일상,7,6,154,3,14.0,27,57.5,11,0
업무,5,6,38,4,18.3,28,62.2,19,1
일상,7,3,177,2,23.9,86,73.7,5,0
음식,6,2,72,1,17.9,39,62.1,6,1
진로,0,4,90,4,1.1,51,40.5,13,0
일상,7,7,25,2,15.7,66,59.8,21,2
일상,7,5,106,3,33.3,83,88.8,17,0
업무,5,5,100,3,19.4,49,64.4,7,0
공부,4,5,86,2,32.7,63,84.2,9,1
소비,3,6,135,3,14.2,60,57.7,9,0
연애,1,5,149,4,30.8,75,83.4,11,0
인간관계,2,3,20,3,33.2,35,79.7,11,1
일상,7,6,75,4,3.6,93,39.2,8,1
공부,4,2,37,2,4.7,92,41.2,7,1
소비,3,1,35,4,8.2,85,47.7,3,1
인간관계,2,1,150,2,11.3,85,52.8,15,0
소비,3,7,83,3,6.4,32,48.9,2,1
소비,3,5,19,2,11.7,47,54.5,1,2
음식,6,7,136,2,32.5,62,83.7,1,2
진로,0,3,155,1,32.1,67,84.0,9,1
일상,7,6,149,4,30.6,42,77.8,16,0
일상,7,3,59,1,8.2,83,47.8,20,2
공부,4,6,57,1,24.5,62,72.3,18,2
소비,3,2,166,4,28.1,90,81.2,10,0
연애,1,4,34,2,34.3,86,91.0,10,2
소비,3,1,76,4,4.4,59,44.0,10,0
공부,4,5,156,1,5.5,71,44.5,22,0
소비,3,1,180,1,13.6,45,56.9,12,1
공부,4,6,40,3,9.7,53,51.7,7,1
인간관계,2,4,49,4,24.9,72,73.9,13,1
일상,7,7,147,2,25.5,35,70.8,16,1
일상,7,5,102,1,31.7,39,78.6,1,1
소비,3,5,147,2,1.6,91,36.0,14,1
연애,1,6,62,4,-1.4,90,31.0,14,1
진로,0,4,43,4,13.3,32,56.7,17,0
일상,7,6,88,1,10.8,25,54.1,23,2
소비,3,5,28,1,11.9,33,55.1,17,2
진로,0,1,130,1,6.5,48,47.8,4,0
음식,6,3,107,4,29.8,73,81.5,12,0
연애,1,6,179,2,21.1,69,67.9,3,1
인간관계,2,5,110,2,24.1,53,70.9,0,1
진로,0,3,128,4,16.3,54,60.5,7,0
일상,7,3,49,3,2.5,39,43.7,1,0
음식,6,5,14,2,3.2,37,44.8,19,2
진로,0,4,163,1,4.8,30,47.3,12,0
일상,7,2,148,2,25.2,32,70.1,4,0
공부,4,2,157,3,18.1,66,63.3,7,0
공부,4,2,179,2,11.5,60,53.9,1,0
인간관계,2,6,119,4,-3.1,69,31.8,20,0
음식,6,7,144,3,22.9,77,71.3,4,0
공부,4,4,57,4,4.6,53,44.9,9,0
인간관계,2,7,128,1,17.5,78,62.8,17,2
인간관계,2,4,72,3,3.1,35,44.9,14,0
업무,5,1,147,2,-2.9,73,31.4,21,0
진로,0,7,28,2,27.2,52,74.9,15,1
소비,3,7,95,3,33.3,26,78.1,6,1
소비,3,6,40,4,31.6,51,80.6,12,2
소비,3,5,92,3,10.2,93,50.7,20,0
업무,5,3,76,3,15.5,88,59.8,14,0
연애,1,7,130,3,31.6,72,84.1,10,1
음식,6,1,154,2,24.7,27,69.0,8,0
음식,6,3,49,2,8.2,73,48.4,18,1
소비,3,4,150,3,5.3,87,42.7,23,0
일상,7,4,53,3,1.8,94,36.0,15,1
인간관계,2,5,174,1,16.0,34,59.8,21,1
진로,0,7,11,4,0.5,54,39.3,2,2
인간관계,2,1,65,4,9.9,86,50.4,21,0
일상,7,1,11,4,-4.5,92,25.4,23,1
공부,4,5,83,1,15.1,80,59.1,5,1
연애,1,1,144,2,4.6,92,41.1,8,0
업무,5,3,111,1,9.9,76,50.9,14,0
소비,3,6,67,3,22.4,35,67.2,20,1
진로,0,1,113,4,10.1,85,50.8,1,0
진로,0,6,53,1,15.0,80,58.9,20,2
업무,5,5,34,1,4.2,85,41.1,8,2
진로,0,1,81,1,2.2,65,40.2,0,1
소비,3,5,46,4,32.2,63,83.5,5,2
소비,3,5,109,3,10.4,42,53.0,22,0
연애,1,5,98,1,-1.1,54,37.1,2,2
업무,5,5,167,4,33.8,66,86.3,0,0
공부,4,7,125,4,4.1,95,39.9,12,0
음식,6,2,159,4,-1.6,62,35.2,7,0
연애,1,1,78,2,10.2,44,52.7,23,1
음식,6,3,102,1,-1.3,64,35.3,14,0
업무,5,7,79,1,0.3,48,39.8,13,1
일상,7,5,152,4,-0.9,36,40.1,11,0
연애,1,5,163,3,29.5,26,74.1,9,0
음식,6,4,31,2,17.9,46,62.4,21,1
음식,6,2,45,3,7.0,88,45.5,4,1
연애,1,2,121,3,11.8,86,53.6,2,0
업무,5,3,73,4,18.8,50,63.7,14,0
연애,1,2,87,1,33.0,67,85.3,19,2
음식,6,7,94,4,8.4,42,50.6,9,0
업무,5,5,61,4,7.6,75,47.4,10,0
공부,4,6,172,4,33.7,56,84.3,10,0
음식,6,3,110,3,-0.4,50,38.6,18,0
인간관계,2,6,150,1,33.1,84,88.6,22,2
소비,3,4,84,1,27.8,77,79.0,21,1
일상,7,2,172,3,4.7,44,45.9,22,0
음식,6,7,106,1,13.0,86,55.6,18,2
음식,6,5,139,4,16.7,71,61.4,22,0
연애,1,1,73,3,1.7,30,43.9,18,0
음식,6,7,94,4,-0.8,37,40.1,8,0
소비,3,5,142,2,12.8,75,55.4,14,0
인간관계,2,3,16,4,-0.8,78,33.9,2,1
연애,1,7,46,3,7.5,83,46.7,6,2
일상,7,3,131,1,12.5,82,54.8,10,1
연애,1,3,21,1,-4.1,68,30.5,20,2
연애,1,6,52,2,15.6,95,60.0,5,2
업무,5,5,119,4,4.3,76,42.2,20,0
인간관계,2,2,173,4,10.8,50,53.2,14,0
음식,6,4,11,2,3.2,33,45.2,18,2
연애,1,7,147,2,9.6,50,51.7,14,1
연애,1,3,135,3,18.9,75,64.9,18,0
연애,1,3,100,4,19.7,63,65.5,19,0
연애,1,6,44,3,-0.3,64,36.7,3,2
인간관계,2,3,46,4,11.7,42,54.6,18,0
음식,6,4,57,4,20.4,47,65.6,17,0
인간관계,2,4,83,2,2.5,82,38.6,19,1
진로,0,7,101,1,14.4,49,57.9,12,1
일상,7,4,135,4,23.4,81,72.4,15,0
인간관계,2,1,154,1,26.8,53,74.5,9,1
진로,0,3,67,3,1.7,83,37.2,18,0
일상,7,5,140,1,17.9,59,62.8,17,1
업무,5,5,20,4,16.9,79,61.9,3,1
소비,3,3,18,4,5.5,36,47.6,14,1
연애,1,7,70,2,27.4,69,77.3,22,1
음식,6,2,167,2,26.4,51,73.7,1,0
업무,5,5,81,2,7.9,62,48.7,9,0
공부,4,7,141,1,0.4,77,35.9,1,1
공부,4,7,177,2,23.1,41,68.5,7,0
인간관계,2,6,92,2,25.5,75,75.2,15,1
인간관계,2,5,171,3,20.1,73,66.7,14,0
연애,1,6,33,4,15.6,60,59.6,22,1
업무,5,4,134,3,18.3,36,62.5,23,0
일상,7,6,180,3,29.0,93,83.2,12,1
소비,3,4,64,4,5.7,61,45.6,10,0
인간관계,2,5,134,3,30.8,31,76.3,1,0
연애,1,6,127,1,-0.0,45,39.9,14,2
일상,7,1,119,2,34.8,41,82.8,20,0
공부,4,2,80,1,21.2,57,67.3,2,1
업무,5,6,176,2,-2.9,64,33.0,23,1
소비,3,4,177,1,23.1,25,67.2,6,1
일상,7,1,43,2,15.8,81,60.2,0,1
진로,0,6,97,1,34.5,79,89.9,22,2
인간관계,2,4,28,2,10.3,38,53.1,3,2
업무,5,3,86,2,10.3,42,52.9,20,0
인간관계,2,1,145,1,19.4,46,64.3,14,1
업무,5,6,64,2,31.8,81,86.0,6,2
연애,1,1,45,1,18.6,74,64.4,11,2
음식,6,3,45,2,6.1,35,48.3,7,1
공부,4,7,16,3,3.2,90,38.9,6,2
음식,6,3,175,1,26.4,55,74.2,15,0
음식,6,1,71,4,20.5,34,64.9,16,0
진로,0,3,91,2,10.5,78,51.8,11,0
인간관계,2,7,130,1,-4.3,33,36.7,0,2
공부,4,2,20,1,32.9,75,86.7,16,2
공부,4,6,138,4,11.9,76,54.0,2,0
인간관계,2,3,31,3,-1.8,51,36.6,4,1
업무,5,4,160,1,7.4,80,46.7,23,1
소비,3,1,72,1,32.0,39,79.0,14,1
진로,0,3,180,2,-0.2,42,40.0,22,0
진로,0,2,137,3,15.9,58,60.0,5,0
업무,5,2,78,1,25.9,28,70.5,10,0
음식,6,3,144,1,5.5,34,47.7,15,0
일상,7,5,102,1,15.0,46,58.7,11,1
인간관계,2,3,36,1,4.1,90,40.4,0,2
진로,0,7,13,2,-3.2,71,31.3,12,2
인간관계,2,2,19,4,4.0,56,43.7,13,1
업무,5,3,29,3,-0.2,31,41.6,5,0
소비,3,7,142,1,33.2,33,79.3,14,2
공부,4,7,89,3,-1.5,83,32.0,0,1
업무,5,2,84,3,24.6,56,71.9,14,0
업무,5,5,136,2,24.3,94,75.2,7,0
인간관계,2,1,114,1,4.3,69,42.9,20,1
진로,0,3,10,4,29.0,64,79.0,3,1
소비,3,5,70,4,14.7,32,58.3,4,0
공부,4,1,21,2,30.9,91,86.2,13,2
업무,5,4,31,1,15.2,75,59.2,2,2
진로,0,4,179,2,4.5,58,44.2,10,0
음식,6,6,93,3,13.1,54,56.2,2,1
소비,3,2,159,1,1.2,46,41.2,14,1
일상,7,3,114,1,16.4,51,60.6,14,0
공부,4,4,77,1,-1.4,63,35.3,22,1
진로,0,2,93,2,-1.4,56,36.4,11,0
음식,6,5,22,3,5.4,47,46.5,0,1
음식,6,7,125,2,-1.2,38,39.4,4,1
연애,1,1,25,2,0.2,76,35.7,11,1
연애,1,5,160,3,31.7,34,77.8,0,0
연애,1,2,175,4,27.4,36,73.1,10,0
연애,1,1,128,1,1.7,80,37.6,23,1
음식,6,4,17,4,22.3,47,68.0,11,1
소비,3,2,80,3,12.8,44,56.0,1,0
소비,3,6,85,4,11.5,95,52.8,15,1
진로,0,1,81,4,0.5,50,39.8,20,0
소비,3,6,149,1,34.6,70,88.3,15,2
일상,7,3,154,3,10.5,48,52.9,0,0
업무,5,5,66,1,30.8,60,81.0,1,2
일상,7,5,101,2,34.0,37,81.0,7,1
소비,3,3,146,1,25.6,53,72.9,18,1
음식,6,3,54,2,4.5,65,43.5,23,1
업무,5,5,17,3,32.9,43,80.8,18,1
소비,3,7,136,3,2.0,29,44.3,2,1
진로,0,2,164,2,-4.2,86,27.0,0,0
업무,5,5,61,2,8.6,47,50.5,10,0
진로,0,1,47,2,26.0,92,77.9,11,1
연애,1,3,179,4,18.4,68,63.9,9,0
업무,5,2,50,4,26.7,87,78.5,20,0
업무,5,2,153,3,3.9,47,44.6,12,0
공부,4,6,85,2,2.1,25,44.9,22,1
음식,6,7,155,1,2.3,65,40.3,19,1
소비,3,6,154,1,32.5,43,80.3,10,2
연애,1,2,98,3,1.7,36,43.1,22,0
업무,5,4,12,3,3.4,33,45.4,11,1
공부,4,7,37,1,-3.1,81,29.7,23,2
음식,6,2,115,4,30.3,69,81.7,17,0
음식,6,1,132,2,1.5,34,43.2,1,0
공부,4,1,91,3,33.1,34,79.4,10,0
인간관계,2,4,51,1,16.9,36,60.9,10,2
일상,7,6,17,4,32.7,46,81.1,19,2
음식,6,2,23,1,8.2,49,49.9,13,2
공부,4,6,82,3,4.5,31,46.9,12,0
일상,7,2,23,3,-4.8,36,35.6,9,1
일상,7,2,34,1,3.3,62,42.1,2,2
일상,7,7,39,3,26.4,85,77.7,15,1
공부,4,1,174,4,2.4,73,39.5,11,0
인간관계,2,4,21,3,12.6,58,55.4,7,1
공부,4,5,25,2,25.1,37,70.5,2,1
업무,5,7,148,4,33.8,54,84.0,17,0
진로,0,7,109,4,33.6,85,89.6,18,1
소비,3,4,86,1,10.8,29,54.0,16,1
인간관계,2,1,124,2,33.0,46,81.5,6,1
소비,3,2,20,4,-1.9,80,31.8,6,1
인간관계,2,7,162,3,7.8,33,50.4,2,1
음식,6,5,111,3,29.3,91,83.4,14,0
진로,0,7,169,4,-0.5,44,39.4,4,0
연애,1,1,154,1,26.4,93,78.7,11,1
음식,6,3,108,4,17.9,85,63.7,1,0
인간관계,2,3,113,2,19.7,76,66.2,1,0
음식,6,3,70,1,24.8,59,72.4,11,1
진로,0,3,87,3,6.2,87,44.2,22,0
연애,1,7,68,2,7.0,81,46.0,10,2
공부,4,6,116,1,2.5,52,42.2,13,1
일상,7,7,142,3,27.8,90,80.7,5,1
연애,1,3,139,4,0.4,92,33.8,18,0
진로,0,2,59,2,28.5,56,77.2,1,1
일상,7,1,102,2,6.0,84,44.1,16,0
음식,6,6,41,1,4.7,87,41.7,19,2
일상,7,2,131,3,8.8,58,50.2,23,0
연애,1,3,17,4,-3.0,52,34.9,7,1
소비,3,6,62,3,21.1,90,69.3,0,1
진로,0,4,43,2,19.0,26,62.9,7,1
공부,4,5,88,3,12.0,73,54.3,11,0
일상,7,3,65,4,7.1,91,45.4,19,0
음식,6,5,36,1,15.5,72,59.6,17,2
공부,4,3,37,4,-2.4,60,34.4,20,0
업무,5,7,80,3,21.2,63,67.7,6,0
인간관계,2,5,71,1,27.2,76,77.9,21,1
업무,5,6,45,1,21.2,62,67.6,8,2
음식,6,4,109,1,18.3,49,63.0,10,1
소비,3,6,146,4,31.3,70,83.3,16,1
공부,4,7,53,2,6.8,85,45.4,4,2
공부,4,6,153,2,32.9,67,85.2,20,1
연애,1,2,100,2,24.8,64,72.9,13,0
업무,5,3,76,3,13.6,40,57.0,15,0
진로,0,7,172,1,13.9,49,57.3,16,1
연애,1,7,107,3,11.5,44,54.3,4,1
소비,3,3,114,4,0.7,48,40.3,2,0
일상,7,3,171,2,7.5,32,50.2,0,0
일상,7,3,63,2,18.1,45,62.6,15,0
연애,1,2,167,4,20.3,76,67.1,13,0
일상,7,4,11,1,16.4,72,61.0,0,2
업무,5,7,145,2,-4.3,25,38.2,20,0
소비,3,2,98,3,0.2,74,36.0,16,0
공부,4,2,26,1,6.9,62,47.3,14,1
업무,5,4,44,3,34.8,87,92.0,11,1
소비,3,2,113,1,4.1,41,45.4,6,1
진로,0,5,139,2,-0.1,29,42.0,12,0
공부,4,7,146,1,18.8,31,62.9,21,1
연애,1,6,15,1,22.6,78,70.9,14,2
음식,6,1,150,3,14.0,44,57.4,6,0
진로,0,3,117,1,21.5,59,67.8,19,0
인간관계,2,4,36,1,6.3,38,48.3,15,2
소비,3,5,61,3,28.3,50,76.1,11,0
음식,6,3,51,1,16.9,51,61.2,22,1
일상,7,3,70,1,-4.5,36,35.9,3,1
일상,7,2,33,1,23.9,37,69.1,8,1
소비,3,4,85,3,13.6,37,57.0,5,0
진로,0,7,84,3,27.1,65,76.4,13,0
연애,1,1,21,1,29.1,46,76.5,10,2
업무,5,4,169,3,30.1,36,76.3,11,0
업무,5,2,39,4,11.0,83,52.4,8,0
음식,6,6,132,4,21.0,46,66.3,3,0
인간관계,2,6,25,2,-0.9,86,32.5,18,2
일상,7,2,166,4,26.2,28,70.8,21,0
인간관계,2,4,134,1,30.5,81,83.9,1,2
연애,1,3,177,3,-4.5,92,25.4,23,0
소비,3,6,96,1,12.3,56,55.1,15,2
업무,5,6,174,4,0.9,31,42.9,0,0
인간관계,2,5,130,4,29.8,34,75.6,15,0
업무,5,2,94,3,-3.0,53,34.7,17,0
음식,6,4,70,1,13.4,82,56.3,2,2
일상,7,4,90,1,34.2,27,79.3,3,2
음식,6,4,19,1,28.0,63,77.4,16,2
소비,3,6,126,3,9.5,31,52.5,7,0
일상,7,3,153,4,23.7,71,72.0,22,0
일상,7,1,34,2,-4.9,70,28.9,20,1
공부,4,5,143,3,23.1,30,67.6,5,0
일상,7,2,114,1,5.2,50,45.9,6,0
연애,1,7,110,2,13.3,49,56.5,22,1
업무,5,1,116,1,32.1,40,79.3,14,0
일상,7,6,160,2,33.6,25,78.3,16,1
진로,0,5,120,4,32.0,47,80.4,22,0
인간관계,2,6,42,1,10.5,66,52.2,16,2
음식,6,4,165,2,5.9,68,45.3,9,0
일상,7,7,44,2,11.5,90,53.0,9,2
업무,5,6,151,2,3.0,62,41.7,21,0
업무,5,6,43,2,15.2,66,59.1,22,1
연애,1,7,100,4,18.3,78,64.1,21,0
공부,4,7,118,1,15.9,28,59.6,12,1
인간관계,2,1,24,2,5.7,45,47.0,9,2
공부,4,2,25,3,3.2,94,38.4,1,0
업무,5,7,125,1,19.6,53,64.9,23,1
음식,6,2,140,3,22.7,31,67.2,12,0
음식,6,4,90,1,-4.5,57,32.0,6,1
일상,7,7,67,3,25.2,94,76.7,23,1
소비,3,7,59,3,13.0,34,56.3,5,2
인간관계,2,6,141,1,10.1,79,51.1,8,2
공부,4,2,51,3,-4.8,84,26.4,22,0
인간관계,2,1,49,3,18.9,63,64.4,15,0
업무,5,1,91,2,33.3,91,90.3,2,1
인간관계,2,4,149,4,-1.3,53,37.0,6,0
업무,5,3,102,3,3.7,92,39.5,15,0
진로,0,1,98,4,4.6,56,44.6,1,0
업무,5,4,39,4,5.3,61,45.1,0,0
업무,5,5,140,4,14.5,62,58.1,20,0
소비,3,3,141,1,32.9,46,81.4,17,1
진로,0,6,26,2,21.8,52,67.7,21,1
음식,6,7,36,2,16.5,80,61.3,20,2
연애,1,6,49,1,13.4,67,56.5,1,2
연애,1,1,23,2,26.8,34,72.2,18,2
소비,3,3,114,4,13.0,76,55.7,13,0
업무,5,1,109,1,16.4,33,60.2,23,0
진로,0,6,28,3,32.1,38,78.9,9,1
공부,4,5,32,3,25.6,81,76.0,12,0
음식,6,7,179,1,14.0,93,57.2,7,2
인간관계,2,6,110,3,33.4,43,81.4,9,1
업무,5,1,151,2,-0.1,25,42.6,18,0
음식,6,5,150,1,7.2,69,47.2,6,1
음식,6,6,141,2,1.4,53,40.6,19,1
공부,4,2,39,2,21.8,31,66.2,17,0
일상,7,6,150,1,6.6,33,49.1,8,1
연애,1,2,158,4,33.1,70,86.0,4,0
소비,3,1,82,1,31.0,65,82.1,15,2
일상,7,3,167,3,22.7,44,68.3,18,0
업무,5,7,90,4,1.7,65,39.5,7,0
소비,3,6,174,4,6.1,71,45.4,4,1
업무,5,4,128,4,9.3,64,50.6,15,0
연애,1,2,175,1,28.7,42,75.5,17,1
소비,3,3,170,1,24.1,27,68.4,16,1
진로,0,7,158,4,25.8,52,73.0,1,0
공부,4,5,148,4,21.2,44,66.4,11,0
음식,6,2,160,3,0.4,89,34.2,16,0
연애,1,4,103,1,21.5,46,66.9,16,1
인간관계,2,4,50,2,17.7,43,62.0,23,2
일상,7,3,20,2,25.5,54,72.9,2,2
공부,4,3,69,1,21.7,91,70.4,11,1
음식,6,4,126,1,-3.4,66,31.9,3,1
공부,4,7,77,2,10.1,73,51.3,11,1
연애,1,5,74,4,33.9,53,84.0,16,1
음식,6,3,98,4,26.7,25,71.0,16,0
인간관계,2,4,52,2,-1.9,60,35.1,6,1
인간관계,2,2,50,3,19.1,40,63.6,21,0
소비,3,4,94,1,14.3,86,57.8,15,2
소비,3,5,51,4,-4.1,30,37.5,4,1
인간관계,2,2,171,1,30.6,43,78.0,1,1
인간관계,2,3,56,4,19.0,27,62.9,23,1
공부,4,1,65,4,19.3,85,66.0,15,0
인간관계,2,2,115,2,26.8,48,73.9,19,0
공부,4,2,97,4,18.9,33,63.1,7,0
음식,6,4,43,1,-4.3,91,25.9,16,2
음식,6,7,48,1,2.1,29,44.5,17,2
연애,1,1,133,2,31.1,94,87.0,0,1
음식,6,5,117,3,30.0,92,84.8,13,0
소비,3,7,133,4,9.0,37,51.6,13,0
인간관계,2,3,132,2,31.4,35,77.6,9,0
음식,6,3,58,1,23.4,25,67.5,18,1
연애,1,5,11,4,21.2,65,67.8,13,1
업무,5,1,49,4,21.1,57,67.1,8,0
음식,6,5,103,3,34.7,75,89.4,6,0
음식,6,5,152,4,2.1,86,37.5,8,0
공부,4,5,98,4,24.4,40,70.0,23,0
소비,3,4,51,1,3.6,76,41.1,10,2
진로,0,2,109,1,27.2,43,73.8,15,0
음식,6,1,26,3,3.9,35,45.8,19,0
진로,0,6,108,4,19.6,91,66.8,9,0
진로,0,7,54,4,12.6,50,55.6,21,1
공부,4,2,18,2,19.6,29,63.7,11,1
소비,3,6,10,2,-1.5,60,35.6,12,2
업무,5,6,111,4,18.4,91,64.8,0,0
연애,1,1,150,3,24.0,69,72.3,11,0
공부,4,2,165,2,13.2,76,56.1,18,0
진로,0,3,54,4,15.2,34,58.9,16,0
공부,4,3,39,3,30.0,57,79.4,22,0
일상,7,4,154,4,25.8,68,74.8,14,0
일상,7,5,17,4,-0.3,33,41.2,12,1
소비,3,6,68,3,11.5,70,53.6,16,1
진로,0,6,77,2,6.5,76,45.6,21,1
업무,5,1,151,2,14.1,70,57.5,6,0
공부,4,2,58,4,24.5,55,71.6,23,0
소비,3,7,77,2,4.2,56,44.0,19,1
업무,5,2,37,1,31.8,88,87.2,19,2
진로,0,7,148,1,28.9,72,80.0,19,1
업무,5,4,157,3,14.6,90,58.3,8,0
음식,6,2,157,2,-2.8,79,30.5,15,0
진로,0,5,98,4,29.4,47,77.1,14,0
연애,1,6,142,4,7.6,26,50.7,0,1
소비,3,4,158,1,8.0,58,49.1,5,1
공부,4,2,78,4,33.3,68,86.0,11,0
인간관계,2,4,118,2,11.8,72,54.0,11,0
음식,6,3,125,2,17.9,54,62.6,3,0
공부,4,7,70,4,29.3,50,77.4,4,0
인간관계,2,4,12,2,11.9,42,54.9,20,2
업무,5,7,134,3,5.0,31,47.5,12,0
연애,1,6,51,1,3.6,57,43.1,15,2
연애,1,4,95,3,9.4,57,51.1,11,0
진로,0,4,41,3,29.7,50,77.9,18,0
인간관계,2,7,82,3,8.0,90,47.0,15,1
일상,7,1,107,3,13.6,43,57.0,5,0
업무,5,4,171,4,29.0,34,74.7,2,0
인간관계,2,3,68,3,7.7,62,48.4,22,0
공부,4,5,175,4,5.8,81,44.1,11,0
일상,7,4,52,2,29.2,41,75.9,23,1
소비,3,6,74,1,3.4,75,40.9,3,2
연애,1,1,131,1,-3.9,75,29.5,16,1
연애,1,1,77,2,-1.6,74,33.2,9,0
소비,3,2,82,4,20.1,41,64.9,16,0
인간관계,2,1,18,3,29.4,66,79.9,15,1
일상,7,7,148,3,16.9,42,61.0,22,0
인간관계,2,5,162,4,20.2,80,67.2,16,0
공부,4,3,133,2,27.2,81,78.6,9,0
업무,5,4,76,2,7.1,25,50.2,16,0
인간관계,2,3,83,4,16.4,87,61.3,15,0
공부,4,1,120,3,18.9,25,62.7,17,0
업무,5,2,115,4,10.8,45,53.4,22,0
음식,6,7,106,2,5.5,79,43.8,20,1
소비,3,5,166,3,6.4,93,44.1,8,0
음식,6,2,27,2,0.5,39,41.3,20,1
일상,7,5,125,3,23.0,87,72.3,6,0
업무,5,1,48,1,33.8,27,78.9,5,2
연애,1,3,78,2,23.6,26,67.8,7,0
연애,1,2,13,4,3.7,78,41.0,9,1
일상,7,3,128,1,8.2,43,50.3,1,1
공부,4,7,110,1,16.7,48,60.9,6,1
공부,4,7,107,1,-0.1,56,38.2,12,1
일상,7,2,18,2,13.4,37,56.8,16,1
소비,3,4,109,3,32.4,45,80.5,20,0
진로,0,6,150,1,5.1,63,44.6,6,1
업무,5,1,180,2,33.9,55,84.4,20,0
음식,6,3,13,2,26.8,40,72.9,12,1
소비,3,1,20,4,22.5,44,68.0,11,1
연애,1,2,50,4,-1.3,68,34.6,20,0
진로,0,1,101,2,23.1,38,68.3,4,0
일상,7,2,91,3,27.2,81,78.6,23,0
소비,3,1,106,3,24.0,57,71.1,1,0
일상,7,6,122,3,16.7,87,61.8,6,0
인간관계,2,5,99,3,24.3,60,71.8,19,0
인간관계,2,1,145,2,13.0,58,56.0,17,0
업무,5,4,10,4,24.3,27,68.6,19,1
업무,5,7,168,2,7.8,33,50.4,21,0
음식,6,2,144,4,25.6,44,71.9,19,0
공부,4,3,114,3,-0.6,91,32.3,21,0
연애,1,1,43,2,29.9,50,78.2,3,1
일상,7,2,35,1,17.8,74,63.2,21,1
일상,7,5,169,3,-3.0,53,34.7,19,0
연애,1,1,63,4,32.1,35,78.4,14,0
진로,0,3,152,4,27.9,32,73.2,19,0
공부,4,5,20,1,28.4,34,74.0,6,2
연애,1,1,69,4,2.6,92,37.6,21,0
소비,3,5,170,2,17.3,78,62.5,23,1
연애,1,7,173,3,22.0,79,70.0,3,1
인간관계,2,7,56,4,15.2,45,58.9,17,1
일상,7,3,90,3,28.8,77,80.6,20,0
음식,6,7,92,2,17.5,52,62.0,12,1
공부,4,3,125,4,33.4,25,78.0,23,0
진로,0,3,162,1,15.7,63,59.8,0,0
공부,4,2,64,3,-4.1,60,32.0,17,0
인간관계,2,1,19,4,9.2,42,51.6,8,1
업무,5,5,73,2,5.2,63,44.7,2,0
음식,6,5,65,1,23.9,86,73.7,5,2
일상,7,7,157,1,18.8,63,64.2,1,2
음식,6,1,24,3,8.9,80,49.1,13,1
연애,1,7,68,1,20.4,73,67.1,1,2
공부,4,5,20,3,16.6,44,60.7,10,1
소비,3,2,22,4,33.8,89,90.7,2,2
소비,3,4,84,4,0.9,68,37.9,2,0
일상,7,5,22,4,5.5,76,44.0,16,1
음식,6,7,43,2,14.2,50,57.7,15,2
음식,6,6,156,2,17.4,92,63.1,7,1
소비,3,1,78,4,7.9,36,50.4,3,0
음식,6,4,103,3,2.6,69,40.3,19,0
진로,0,7,88,2,34.5,81,90.3,19,2
인간관계,2,4,21,2,3.0,72,40.6,4,2
연애,1,1,23,2,33.0,43,80.9,9,2
진로,0,3,38,3,13.0,27,56.4,10,0
소비,3,6,147,2,3.2,91,38.8,8,1
일상,7,5,46,1,10.1,92,50.5,1,2
공부,4,2,25,3,3.0,59,42.0,1,0
일상,7,6,12,1,10.5,59,52.5,21,2
업무,5,7,37,1,6.7,74,46.1,7,2
음식,6,5,35,3,14.4,93,57.9,2,1
인간관계,2,2,138,4,17.4,27,61.2,1,0
소비,3,5,88,3,14.6,45,58.2,0,0
업무,5,6,100,3,20.0,55,65.5,16,0
공부,4,7,25,3,30.1,28,75.0,17,1
공부,4,2,48,3,30.9,42,78.2,2,0
음식,6,5,166,2,11.7,44,54.6,13,0
공부,4,5,94,4,16.7,51,61.0,20,0
인간관계,2,5,148,2,29.5,64,79.7,22,0
인간관계,2,4,47,2,7.7,93,46.3,23,2
연애,1,2,91,2,24.1,65,72.0,13,0
음식,6,3,123,3,1.1,49,40.7,3,0
인간관계,2,2,16,3,19.2,54,64.4,19,1
소비,3,2,16,3,-1.8,86,31.0,4,2
일상,7,6,176,3,2.4,74,39.4,15,0
일상,7,2,51,2,4.1,77,41.7,0,1
공부,4,4,66,2,25.3,33,70.3,5,0
일상,7,7,167,4,22.5,83,71.1,7,0
음식,6,4,20,4,23.8,75,72.5,19,1
진로,0,5,37,4,13.3,30,56.7,7,0
음식,6,6,20,4,15.6,31,59.3,6,2
공부,4,4,111,3,25.9,61,74.2,14,0
인간관계,2,4,85,1,22.6,43,68.1,14,1
일상,7,1,138,1,2.2,94,36.7,4,1
음식,6,4,92,4,-4.0,83,27.9,18,0
소비,3,4,33,3,8.0,45,49.9,22,1
연애,1,1,39,4,20.4,35,64.9,16,0
음식,6,6,140,2,10.1,73,51.3,1,1
인간관계,2,3,154,2,1.5,43,42.0,5,0
진로,0,4,88,3,24.2,82,73.8,9,0
인간관계,2,1,43,2,-4.9,57,31.4,0,1
일상,7,4,137,1,19.3,88,66.2,7,1
소비,3,5,178,4,13.1,81,55.8,2,0
진로,0,2,150,3,19.8,51,65.0,1,0
인간관계,2,2,24,3,-3.5,29,38.3,21,1
공부,4,3,32,1,-0.6,47,38.8,5,1
공부,4,5,179,2,33.7,71,87.1,1,1
연애,1,7,86,3,9.7,73,50.7,2,1
음식,6,7,150,1,6.7,42,48.5,3,2
공부,4,3,144,4,16.0,51,60.0,19,0
진로,0,1,156,1,14.3,61,57.8,13,0
업무,5,3,144,3,32.1,88,87.7,16,0
일상,7,4,56,2,23.3,49,69.5,0,1
연애,1,1,129,1,24.5,51,71.2,19,1
음식,6,4,21,3,9.0,52,50.8,0,1
소비,3,6,82,3,26.6,64,75.5,9,1
업무,5,7,11,1,22.4,68,69.8,12,2
진로,0,7,54,2,8.2,68,48.7,21,1
일상,7,4,19,2,14.3,83,57.8,17,2
업무,5,4,115,1,28.4,63,78.0,18,0
업무,5,5,147,1,3.3,67,41.6,11,0
연애,1,2,81,1,8.6,73,49.0,20,1
인간관계,2,5,165,4,2.5,39,43.7,9,0
업무,5,6,18,3,11.6,88,53.2,7,2
업무,5,4,87,2,16.0,47,60.0,3,0
업무,5,7,19,2,31.5,81,85.5,16,2
진로,0,7,133,2,2.6,86,38.3,23,1
공부,4,7,93,2,25.8,37,71.4,16,1
인간관계,2,2,19,4,10.5,91,51.3,3,2
진로,0,3,21,1,8.3,30,51.2,3,2
공부,4,1,157,3,20.6,51,66.1,10,0
소비,3,2,83,3,16.3,81,61.0,21,0
연애,1,3,48,2,5.9,26,48.9,19,1
연애,1,2,148,3,17.0,59,61.6,4,0
공부,4,5,72,2,-2.2,68,33.3,17,0
일상,7,1,43,1,13.8,31,57.3,3,2
음식,6,1,32,4,10.7,82,51.9,19,0
업무,5,3,95,2,23.5,93,73.7,2,0
일상,7,5,43,1,27.5,84,79.4,3,2
일상,7,3,174,4,13.8,53,57.1,4,0
공부,4,3,110,2,23.0,67,70.6,10,0
일상,7,4,17,1,14.0,69,57.3,15,2
일상,7,7,53,3,25.7,41,71.7,16,1
연애,1,4,37,3,17.2,34,61.2,9,1
일상,7,4,161,4,4.5,56,44.4,17,0
인간관계,2,4,108,1,8.6,80,48.6,13,1
업무,5,5,70,2,21.5,34,66.1,23,0
일상,7,1,161,4,8.0,37,50.4,14,0
인간관계,2,3,113,1,18.9,73,64.8,10,1
일상,7,6,179,1,-1.4,42,38.6,18,1
진로,0,7,47,2,13.1,62,56.1,12,1
일상,7,2,62,3,7.0,63,47.3,13,0
업무,5,1,159,1,19.5,90,66.6,12,0
인간관계,2,7,85,1,9.8,95,49.9,1,2
진로,0,6,153,3,-0.6,61,36.7,0,0
소비,3,4,161,4,20.0,73,66.5,12,0
음식,6,4,149,2,21.5,85,69.7,4,1
소비,3,5,108,3,28.6,44,75.6,9,0
인간관계,2,2,12,1,20.9,43,66.0,23,2
일상,7,6,121,2,-1.6,78,32.6,14,1
음식,6,5,56,4,15.4,95,59.7,14,1
음식,6,3,67,2,12.0,25,55.4,18,0
일상,7,7,70,3,11.4,94,52.7,18,1
업무,5,1,19,4,23.2,39,68.5,18,0
일상,7,6,30,2,24.2,92,74.8,8,2
일상,7,5,30,1,4.8,34,46.9,21,2
공부,4,5,23,3,16.4,26,60.1,15,1
일상,7,5,130,3,11.8,62,54.2,9,0
인간관계,2,1,162,3,24.1,58,71.4,1,0
일상,7,5,53,1,21.3,62,67.8,23,2
진로,0,3,134,1,0.1,34,41.6,8,0
공부,4,2,167,3,6.0,57,46.4,0,0
연애,1,5,54,2,21.4,72,68.6,5,2
공부,4,7,70,4,2.2,92,36.9,1,1
업무,5,1,47,2,28.5,77,80.1,12,1
소비,3,6,122,2,3.4,69,41.5,1,1
공부,4,7,39,1,1.7,76,38.1,15,2
공부,4,4,146,2,10.2,74,51.5,15,0
공부,4,2,145,4,-4.5,82,27.3,12,0
업무,5,5,20,1,31.7,70,83.9,13,2
공부,4,3,79,3,27.1,57,75.4,20,0
음식,6,4,71,2,15.8,48,59.7,10,0
진로,0,6,12,1,-4.5,37,35.7,16,2
연애,1,6,124,3,3.8,61,42.9,8,0
소비,3,1,16,1,-2.7,52,35.3,19,2
연애,1,6,40,1,29.3,41,76.1,12,2
인간관계,2,1,57,3,6.8,34,49.2,20,0
일상,7,3,119,3,5.3,34,47.5,8,0
진로,0,4,109,3,34.8,58,86.2,8,0
인간관계,2,4,27,4,34.2,50,83.8,19,1
음식,6,2,175,4,-0.7,94,31.6,13,0
소비,3,5,174,1,31.5,58,81.6,3,2
진로,0,1,28,3,26.1,27,70.6,15,0
인간관계,2,6,173,1,32.3,74,85.5,8,2
인간관계,2,6,94,4,18.0,90,64.0,22,1
일상,7,4,121,4,28.8,33,74.3,17,0
소비,3,1,108,4,-0.2,93,32.7,11,0
업무,5,6,87,4,-2.8,36,37.9,11,0
업무,5,1,127,3,20.9,47,66.2,17,0
진로,0,4,179,2,7.0,74,46.5,3,0
업무,5,4,31,4,24.4,42,70.2,1,0
소비,3,1,161,2,14.6,33,58.2,17,0
공부,4,4,146,4,33.7,27,78.7,1,0
업무,5,1,96,1,11.2,52,53.7,20,0
일상,7,6,147,2,24.6,54,71.7,2,1
진로,0,6,46,4,21.2,85,69.2,19,1
진로,0,2,176,2,-4.4,31,37.0,9,0
연애,1,4,166,2,28.4,33,73.9,3,1
연애,1,4,162,2,-2.5,50,35.9,13,0
업무,5,7,112,3,-0.2,94,32.5,4,0
업무,5,7,64,1,18.7,67,64.3,2,2
연애,1,3,46,4,1.7,72,38.6,17,0
인간관계,2,4,72,1,0.3,73,36.3,5,2
진로,0,4,30,1,-4.7,36,35.7,22,1
공부,4,4,131,2,3.2,59,42.3,16,0
일상,7,4,71,2,19.4,29,63.4,19,0
인간관계,2,6,137,1,20.1,63,66.1,11,2
음식,6,1,152,2,2.7,92,37.8,3,0
업무,5,7,148,2,13.6,51,56.9,8,0
진로,0,2,38,2,22.4,85,71.1,15,1
인간관계,2,2,21,1,20.8,61,67.0,6,2
음식,6,3,95,4,-3.3,31,38.2,17,0
인간관계,2,2,17,4,15.6,34,59.3,7,1
일상,7,5,158,3,11.8,66,54.1,7,0
연애,1,3,68,1,4.5,77,42.4,6,1
음식,6,2,28,4,18.4,31,62.4,13,0
인간관계,2,2,166,4,2.1,72,39.2,4,0
일상,7,6,59,3,34.0,50,83.5,10,2
인간관계,2,1,155,1,6.2,39,48.1,14,1
일상,7,4,53,3,3.8,62,42.8,19,0
인간관계,2,7,173,2,18.1,95,64.4,7,1
연애,1,4,143,4,29.5,52,77.9,18,0
일상,7,7,128,3,-4.4,79,28.0,23,0
소비,3,2,93,4,18.2,44,62.7,18,0
진로,0,4,21,1,34.7,89,92.3,1,2
음식,6,5,110,4,27.4,37,73.2,14,0
일상,7,2,31,1,22.7,77,71.0,6,1
인간관계,2,3,85,2,20.9,36,65.5,0,1
일상,7,6,88,2,23.1,28,67.4,14,1
일상,7,7,45,4,2.4,72,39.7,20,1
일상,7,6,172,1,29.4,34,75.1,12,1
업무,5,5,18,3,12.0,59,54.6,22,1
소비,3,7,30,3,24.4,32,69.2,16,1
업무,5,1,38,4,9.6,30,52.6,11,0
업무,5,2,175,1,17.4,51,61.9,4,0
업무,5,2,148,1,21.0,51,66.6,23,0
소비,3,3,100,3,15.1,79,59.0,8,0
진로,0,1,105,3,13.1,89,55.7,16,0
연애,1,4,146,3,13.1,72,56.0,21,0
연애,1,2,127,1,-1.8,47,37.3,9,1
연애,1,1,52,3,-0.5,43,39.5,15,0
인간관계,2,7,62,1,6.7,94,44.5,4,2
일상,7,3,117,4,24.5,27,68.8,9,0
소비,3,1,15,2,28.4,91,81.9,20,2
업무,5,4,158,3,21.2,66,67.9,15,0
일상,7,4,87,2,30.9,64,81.8,5,1
공부,4,2,133,3,33.8,31,79.6,4,0
업무,5,3,126,2,19.7,45,64.6,22,0
공부,4,2,54,2,1.5,39,42.5,1,1
업무,5,5,42,4,5.4,48,46.4,6,0
진로,0,6,91,3,0.9,82,36.0,17,0
인간관계,2,5,87,1,31.8,76,85.1,15,2
인간관계,2,4,91,2,-4.8,94,24.5,16,1
업무,5,6,85,4,30.8,43,78.2,18,0
일상,7,3,38,4,31.0,42,78.3,21,0
연애,1,3,16,4,19.7,53,65.0,14,1
업무,5,1,93,1,19.3,49,64.3,18,0
소비,3,7,81,2,-4.1,93,25.9,14,2
연애,1,5,110,2,14.6,90,58.3,1,1
업무,5,4,47,4,9.8,72,50.9,0,0
공부,4,3,99,3,34.1,36,80.9,6,0
일상,7,6,116,4,6.5,79,45.4,23,0
음식,6,2,160,1,0.7,63,38.3,15,0
업무,5,1,161,4,-1.5,77,32.9,20,0
공부,4,4,54,4,23.4,42,69.0,6,0
인간관계,2,7,107,3,17.2,30,61.1,9,0
공부,4,4,153,4,4.0,25,47.0,4,0
공부,4,3,173,4,-0.0,61,37.6,13,0
인간관계,2,4,175,2,-3.9,60,32.2,15,0
연애,1,5,102,4,17.6,58,62.4,20,0
일상,7,6,40,3,15.5,27,59.1,8,1
인간관계,2,5,24,2,7.8,42,49.9,11,2
인간관계,2,1,79,3,11.8,70,54.0,1,0
공부,4,3,145,1,15.6,48,59.5,3,0
인간관계,2,5,92,3,28.1,63,77.6,8,0
업무,5,1,146,3,27.9,26,72.4,4,0
공부,4,3,134,4,8.6,45,50.7,3,0
소비,3,2,138,2,28.3,92,81.8,17,1
연애,1,4,127,1,-0.3,41,40.1,0,1
일상,7,3,89,3,0.6,81,35.7,19,0
업무,5,2,87,1,24.8,40,70.5,7,0
인간관계,2,7,46,2,7.3,51,48.6,4,2
연애,1,4,38,1,-4.2,86,27.0,13,2
진로,0,2,37,1,26.7,90,78.8,18,1
진로,0,4,40,3,-3.3,63,32.6,21,0
진로,0,7,34,1,31.8,51,80.8,18,2
소비,3,2,99,1,-1.4,60,35.8,18,1
업무,5,3,51,2,15.2,33,58.9,3,1
진로,0,5,65,2,33.6,46,82.2,17,1
진로,0,6,35,2,31.8,85,86.7,11,2
인간관계,2,4,37,2,28.4,73,79.4,13,1
소비,3,5,68,4,-0.5,65,36.3,3,0
일상,7,1,143,2,14.8,71,58.5,22,0
공부,4,5,20,1,8.1,39,50.4,12,2
공부,4,4,163,3,22.5,81,71.0,7,0
음식,6,3,119,2,29.3,85,82.5,21,0
업무,5,2,13,4,21.9,75,69.6,14,0
연애,1,1,46,4,11.0,38,53.9,23,1
인간관계,2,1,103,2,8.5,76,48.7,3,0
소비,3,7,118,4,6.1,59,46.4,20,0
음식,6,3,131,4,34.5,90,92.1,8,0
인간관계,2,7,126,1,-0.1,87,33.7,15,2
소비,3,6,44,1,-1.0,31,40.8,2,2
일상,7,6,16,2,10.3,66,51.9,4,2
공부,4,5,169,1,25.4,91,76.7,15,1
일상,7,2,85,4,14.6,58,58.2,17,0
업무,5,7,148,1,33.1,29,78.5,13,1
연애,1,4,125,3,29.1,81,81.6,14,0
진로,0,1,55,3,30.4,46,78.2,15,0
음식,6,2,89,4,14.5,39,58.1,18,0
일상,7,6,151,4,14.0,45,57.4,16,0
진로,0,4,77,4,18.6,73,64.4,19,0
업무,5,7,82,3,-2.5,30,39.2,4,0
업무,5,3,159,1,25.6,68,74.5,12,0
연애,1,4,98,3,11.5,32,54.7,21,0
소비,3,2,70,3,18.7,33,62.8,9,0
연애,1,3,53,1,16.5,29,60.3,14,2
음식,6,5,141,4,5.7,85,43.6,18,0
진로,0,3,106,4,7.9,37,50.3,15,0
연애,1,6,62,3,14.9,68,58.7,5,1
공부,4,3,121,2,14.9,34,58.5,17,0
소비,3,3,77,1,6.9,76,46.2,7,1
연애,1,6,158,1,18.7,59,63.9,2,2
일상,7,4,63,3,26.8,63,75.7,16,0
공부,4,4,179,3,3.0,76,40.1,8,0
일상,7,6,150,2,30.2,91,85.0,5,2
일상,7,2,179,4,5.7,93,42.9,19,0
음식,6,5,170,1,15.9,71,60.2,14,1
인간관계,2,2,48,3,28.8,77,80.6,10,1
연애,1,6,62,4,5.7,61,45.6,20,1
인간관계,2,3,163,2,11.2,39,54.1,4,0
소비,3,1,72,3,13.6,80,56.6,13,0
진로,0,2,50,3,0.5,58,38.7,8,0
인간관계,2,6,20,4,26.3,32,71.4,2,2
업무,5,5,86,1,31.0,77,84.0,11,1
연애,1,4,45,2,-0.5,89,32.7,3,2
공부,4,4,33,2,19.0,65,64.6,10,1
음식,6,7,70,4,3.7,38,45.3,5,1
소비,3,3,122,4,5.2,32,47.6,15,0
업무,5,6,38,3,16.8,85,61.9,21,1
소비,3,3,47,3,14.0,72,57.3,9,0
진로,0,6,165,1,28.7,31,73.9,22,1
소비,3,3,151,4,7.4,71,47.3,21,0
연애,1,5,70,4,10.5,75,51.9,8,0
공부,4,1,70,3,3.4,45,44.1,14,0
업무,5,7,174,4,26.6,60,75.1,2,0
일상,7,4,115,3,23.7,37,68.9,5,0
공부,4,5,26,3,11.8,95,53.4,23,1
업무,5,4,17,1,20.7,48,66.0,20,2
일상,7,7,174,2,-4.9,50,32.8,20,1
공부,4,3,157,1,-0.6,56,37.5,16,0
인간관계,2,7,162,4,26.7,65,75.8,14,0
일상,7,7,44,3,1.9,66,39.6,9,1
소비,3,1,116,3,2.3,73,39.4,18,0
소비,3,1,15,2,31.3,84,85.7,6,2
공부,4,6,53,1,11.0,79,52.5,19,2
공부,4,2,32,3,1.8,40,42.8,0,0
음식,6,7,126,4,-0.3,51,38.6,6,0
공부,4,3,136,4,0.2,51,39.3,19,0
소비,3,7,82,2,11.7,77,53.7,4,2
진로,0,3,77,2,19.7,56,65.2,11,0
일상,7,1,12,4,0.3,66,37.3,22,1
음식,6,6,64,4,23.3,57,70.2,2,1
연애,1,5,25,1,8.3,55,49.7,15,2
업무,5,5,163,1,-4.8,89,25.5,19,1
음식,6,3,111,3,0.3,30,42.3,18,0
인간관계,2,3,53,4,32.2,84,87.1,4,2
연애,1,3,145,4,0.7,39,41.6,10,0
진로,0,2,137,3,24.9,80,74.7,9,0
공부,4,5,77,3,12.4,46,55.4,10,0
일상,7,7,48,4,-2.9,44,36.4,1,1
소비,3,2,19,4,5.4,84,43.2,13,1
연애,1,4,20,4,9.3,87,49.4,14,2
일상,7,1,47,1,9.0,51,50.8,9,1
인간관계,2,7,53,3,17.5,52,62.0,18,1
진로,0,5,156,2,11.7,34,54.9,7,0
일상,7,6,34,3,-4.0,40,35.8,12,1
업무,5,5,37,3,1.2,35,42.7,14,0
일상,7,4,170,3,18.8,25,62.6,10,0
진로,0,6,169,4,8.0,41,50.2,6,0
진로,0,7,174,3,7.9,32,50.6,23,0
연애,1,5,164,4,-1.3,57,36.4,5,0
소비,3,7,112,1,-4.2,51,33.5,5,2
음식,6,7,113,3,20.9,44,66.0,3,0
공부,4,4,120,3,31.1,41,78.3,11,0
연애,1,7,104,2,14.6,74,58.2,15,1
공부,4,5,163,4,-1.4,79,32.8,11,0
인간관계,2,4,171,4,-1.3,90,31.2,10,0
일상,7,6,67,2,32.2,92,88.6,20,2
연애,1,3,129,4,-1.8,86,31.0,9,0
인간관계,2,2,86,2,15.9,62,60.1,18,0
진로,0,5,29,1,15.5,90,59.8,13,2
음식,6,1,128,3,9.2,35,51.9,16,0
진로,0,1,179,4,2.2,48,42.3,12,0
진로,0,1,116,3,7.6,83,46.8,21,0
일상,7,5,77,3,33.7,48,82.7,6,0
인간관계,2,1,164,3,29.9,38,76.3,13,0
진로,0,1,111,1,-4.5,86,26.5,14,0
음식,6,7,178,4,7.1,71,46.9,22,0
음식,6,7,87,1,0.0,26,42.6,6,2
연애,1,7,14,2,29.4,51,77.7,15,2
인간관계,2,6,71,4,28.7,93,82.7,6,1
연애,1,3,128,2,14.0,27,57.5,3,0
인간관계,2,2,123,4,13.9,82,57.1,18,0
소비,3,2,85,4,-3.0,26,39.4,3,0
음식,6,4,136,3,-3.5,76,30.0,15,0
일상,7,2,25,1,11.9,65,54.3,17,1
연애,1,3,175,4,30.6,39,77.3,15,0
업무,5,4,121,1,1.5,49,41.2,15,0
업무,5,4,69,2,18.5,68,64.0,19,0
일상,7,2,85,4,33.4,71,86.7,15,0
인간관계,2,5,63,3,22.6,36,67.5,21,0
일상,7,2,54,2,1.3,87,36.0,3,1
음식,6,4,87,2,3.4,31,45.7,0,1
업무,5,3,101,2,2.0,89,37.0,1,0
연애,1,3,120,1,19.7,40,64.3,17,1
소비,3,4,76,3,26.4,30,71.2,17,0
공부,4,2,141,1,23.3,81,72.3,14,0
연애,1,1,166,1,27.9,30,72.9,16,1
연애,1,2,171,1,29.8,71,81.2,5,1
공부,4,6,123,4,24.3,37,69.6,4,0
업무,5,3,45,1,28.9,81,81.3,13,2
진로,0,2,131,3,6.5,46,47.9,2,0
공부,4,3,116,3,20.2,56,65.9,4,0
음식,6,7,68,2,27.1,77,77.9,13,1
일상,7,7,142,3,32.7,81,87.4,4,1
진로,0,6,142,1,-1.6,65,34.7,12,1
인간관계,2,4,25,4,25.4,44,71.6,18,1
진로,0,6,179,3,11.8,95,53.4,9,0
업무,5,3,12,3,31.0,43,78.5,22,1
음식,6,4,174,2,30.5,81,83.9,22,1
업무,5,7,176,4,26.0,63,74.6,2,0
진로,0,5,95,4,24.0,41,69.6,16,0
공부,4,2,33,3,15.9,45,59.8,0,0
진로,0,7,148,3,4.7,63,44.0,23,0
음식,6,5,38,1,28.7,58,77.7,20,2
업무,5,1,22,1,12.9,25,56.4,14,2
업무,5,2,158,2,9.0,61,50.3,21,0
인간관계,2,6,106,2,-0.8,91,31.9,18,1
소비,3,7,102,4,-1.1,79,33.3,13,0
연애,1,1,25,4,30.5,85,84.5,6,1
일상,7,1,104,4,18.5,91,64.9,12,0
공부,4,5,137,4,34.9,87,92.2,23,0
음식,6,7,51,2,15.2,87,59.3,22,2
일상,7,2,141,1,22.8,83,71.6,15,1
진로,0,6,50,3,31.9,40,79.1,19,1
음식,6,1,40,3,17.9,30,61.8,16,0
인간관계,2,1,105,3,34.6,63,86.9,9,0
일상,7,1,46,2,26.4,78,76.9,1,1
공부,4,3,65,2,27.8,87,80.3,0,1
연애,1,5,99,1,29.8,78,82.3,15,2
공부,4,5,125,3,26.3,85,77.6,23,0
인간관계,2,7,45,4,25.5,82,75.9,4,2
업무,5,1,169,4,10.5,75,51.9,10,0
진로,0,6,123,3,20.8,46,66.0,22,0
진로,0,5,171,3,17.4,40,61.6,20,0
연애,1,2,168,1,33.3,91,90.3,6,2
일상,7,5,14,1,21.3,93,69.9,5,2
진로,0,3,62,2,28.2,81,80.2,2,1
업무,5,4,160,1,14.7,27,58.3,10,0
음식,6,2,116,1,29.4,65,79.7,12,0
공부,4,1,39,1,16.7,61,61.2,4,1
인간관계,2,3,32,2,7.3,77,46.8,21,1
인간관계,2,1,167,3,2.3,32,44.3,9,0
음식,6,1,91,2,11.5,66,53.7,8,0
음식,6,7,40,1,3.1,55,42.6,15,2
음식,6,1,78,1,7.7,95,46.2,13,1
연애,1,4,17,4,20.3,27,64.3,8,1
연애,1,2,152,2,7.2,77,46.6,14,0
연애,1,7,172,2,26.3,43,72.6,11,1
인간관계,2,7,72,4,33.5,82,88.9,1,2
진로,0,7,128,3,21.1,46,66.4,0,0
진로,0,4,79,3,28.6,73,79.7,11,0
소비,3,5,140,3,-3.2,93,27.5,18,0
연애,1,3,32,4,22.9,42,68.4,23,1
공부,4,4,63,3,30.4,68,81.7,20,0
공부,4,7,125,3,4.8,66,43.9,10,0
소비,3,4,163,3,-4.4,42,34.9,20,0
진로,0,5,131,1,31.1,47,79.2,13,1
일상,7,7,110,1,26.5,34,71.8,17,1
진로,0,7,123,1,9.1,73,49.8,19,1
업무,5,4,55,1,-0.0,72,36.0,6,1
일상,7,1,66,1,25.3,70,74.3,6,1
연애,1,7,167,3,27.3,53,75.2,7,0
일상,7,3,19,3,14.7,51,58.3,0,1
소비,3,7,173,4,-0.6,60,36.9,18,0
일상,7,2,151,2,21.4,47,66.9,2,0
인간관계,2,6,26,2,5.4,54,45.8,16,2
공부,4,2,15,3,22.2,83,70.7,0,1
음식,6,6,176,1,29.2,66,79.6,13,1
음식,6,3,41,4,14.8,91,58.6,1,1
소비,3,1,81,4,16.3,65,60.7,0,0
음식,6,2,95,1,30.2,28,75.1,23,1
소비,3,6,118,1,31.7,50,80.5,5,2
업무,5,3,26,1,-3.9,80,28.6,0,2
업무,5,7,74,2,-0.7,55,37.5,10,1
진로,0,7,95,2,32.7,81,87.4,3,2
일상,7,5,41,1,34.0,29,79.5,12,2
업무,5,7,26,2,-2.5,81,30.7,1,2
공부,4,5,170,4,-2.4,32,39.0,17,0
진로,0,3,107,4,-1.2,77,33.4,7,0
진로,0,4,108,4,26.8,37,72.5,10,0
진로,0,4,142,3,18.5,38,62.8,3,0
진로,0,5,27,2,31.2,41,78.4,20,1
공부,4,3,117,4,24.0,81,73.4,5,0
소비,3,2,21,1,0.1,80,35.0,16,2
업무,5,3,159,2,0.9,64,38.4,19,0
업무,5,3,104,1,15.7,43,59.6,1,0
소비,3,5,153,1,11.9,50,54.7,6,1
소비,3,7,27,3,2.6,85,38.4,22,2
일상,7,5,94,3,19.6,78,66.2,10,0
인간관계,2,1,126,1,14.8,25,58.4,20,1
소비,3,6,68,4,20.0,55,65.5,15,1
업무,5,7,106,2,11.0,25,54.4,11,0
진로,0,1,101,1,17.2,43,61.4,9,0
일상,7,2,171,3,-3.2,28,38.8,6,0
소비,3,3,54,2,30.4,47,78.3,10,1
소비,3,2,60,1,2.0,58,40.8,3,1
진로,0,7,45,4,21.2,39,66.1,10,1
소비,3,3,126,2,9.8,72,50.9,21,0
인간관계,2,5,169,4,30.1,33,75.8,3,0
인간관계,2,2,58,2,16.3,72,60.8,10,1
음식,6,6,72,1,25.5,49,72.3,17,2
공부,4,7,48,3,4.9,60,44.6,4,1
일상,7,2,30,4,26.6,33,71.8,5,0
음식,6,7,175,3,14.9,84,58.7,5,1
업무,5,6,105,4,23.6,88,73.4,15,0
공부,4,5,112,1,3.3,50,43.5,14,0
소비,3,4,65,3,12.0,73,54.3,18,0
인간관계,2,7,105,3,17.0,42,61.1,2,1
공부,4,4,142,3,4.2,30,46.7,14,0
업무,5,4,125,4,12.3,72,54.7,15,0
업무,5,3,107,1,2.2,54,41.5,8,0
연애,1,3,31,3,28.7,90,82.2,17,1
연애,1,7,80,2,-1.1,34,40.2,11,1
진로,0,5,61,3,2.9,67,41.0,8,0
공부,4,6,80,2,23.2,42,68.7,22,1
공부,4,1,86,3,27.9,76,79.0,12,0
진로,0,4,177,2,29.6,54,78.4,7,0
소비,3,4,69,4,23.9,84,73.5,10,0
연애,1,3,58,4,25.8,78,76.0,6,0
일상,7,4,152,1,10.0,41,52.6,9,1
진로,0,4,178,3,8.6,78,48.8,13,0
음식,6,7,147,3,8.0,27,51.1,18,0
진로,0,2,49,3,17.7,75,63.1,12,0
소비,3,4,26,4,2.5,38,43.8,10,1
일상,7,6,87,1,1.9,95,36.0,5,2
진로,0,7,164,4,-3.9,50,34.1,2,0
음식,6,3,62,2,6.6,92,44.5,2,1
일상,7,1,104,1,1.9,77,38.3,12,0
인간관계,2,1,43,4,14.1,33,57.6,12,0
소비,3,2,62,3,12.3,85,54.5,5,0
공부,4,5,61,4,6.0,25,49.1,4,0
일상,7,1,112,2,16.0,87,60.6,14,0
일상,7,5,20,1,6.5,83,45.0,11,2
공부,4,4,166,2,11.6,47,54.4,19,0
음식,6,4,108,2,22.9,37,67.9,12,0
진로,0,2,50,3,30.3,93,85.4,9,1
연애,1,6,65,4,11.5,95,52.8,3,1
업무,5,1,36,3,11.4,46,54.1,8,0
소비,3,5,21,4,-3.9,84,27.9,12,2
업무,5,6,112,2,10.9,26,54.2,8,0
연애,1,6,44,3,21.8,84,70.1,15,2
일상,7,1,31,2,23.5,81,72.6,4,1
일상,7,7,81,2,1.8,27,44.4,19,1
연애,1,2,85,1,16.4,75,61.0,5,1
연애,1,6,12,3,1.1,70,37.9,5,2
소비,3,6,18,2,12.7,31,56.1,20,2
연애,1,4,88,4,-2.9,25,39.7,1,0
음식,6,7,61,2,10.0,55,52.0,6,1
연애,1,1,117,1,34.6,68,87.9,6,1
연애,1,2,34,2,24.0,30,68.6,13,1
연애,1,7,93,3,17.5,49,62.0,19,1
소비,3,5,111,4,-0.2,52,38.6,3,0
업무,5,3,54,1,11.1,65,53.1,0,1
음식,6,2,127,2,-2.4,60,34.4,20,0
업무,5,1,27,2,11.4,88,52.9,3,1
인간관계,2,3,34,3,34.3,74,88.6,21,1
인간관계,2,3,54,3,34.1,86,90.7,2,2
업무,5,1,165,4,10.3,54,52.4,16,0
진로,0,2,15,1,7.4,79,46.8,7,2
연애,1,1,45,3,14.9,50,58.6,4,1
음식,6,2,174,1,4.5,81,42.0,23,1
업무,5,2,81,3,20.7,30,64.9,16,0
음식,6,6,83,1,4.2,67,42.9,10,2
소비,3,2,148,1,31.3,56,81.0,21,1
소비,3,5,107,3,2.3,25,45.2,2,0
일상,7,1,59,1,20.4,43,65.4,6,1
인간관계,2,1,54,2,4.5,35,46.5,13,1
일상,7,3,52,2,4.8,47,45.7,19,1
소비,3,3,83,4,33.7,50,83.1,8,0
일상,7,1,102,4,10.1,85,50.8,14,0
음식,6,5,166,4,25.4,86,76.2,0,0
음식,6,4,31,3,18.8,44,63.4,17,0
인간관계,2,3,107,4,7.2,61,47.8,12,0
일상,7,1,95,2,23.6,50,69.9,4,0
소비,3,1,13,3,14.7,78,58.4,12,1
업무,5,4,135,3,20.6,34,65.1,13,0
진로,0,1,108,2,2.8,80,39.3,8,0
업무,5,5,135,3,22.9,74,71.0,13,0
소비,3,2,132,1,31.9,71,84.4,20,1
진로,0,6,180,2,5.5,83,43.4,21,1
인간관계,2,3,73,2,-4.5,36,35.9,20,0
음식,6,4,160,1,15.7,49,59.6,13,1
인간관계,2,7,119,3,22.7,89,72.0,17,1
음식,6,5,88,4,25.1,36,70.4,3,0
업무,5,7,46,3,24.9,75,74.2,22,1
공부,4,1,53,4,-4.9,33,36.0,22,0
음식,6,5,116,3,24.3,46,70.5,5,0
업무,5,2,44,2,14.5,89,58.1,3,1
일상,7,5,64,2,3.0,48,43.3,6,0
공부,4,7,114,4,20.1,38,64.7,20,0
인간관계,2,1,85,1,10.1,60,51.9,2,1
업무,5,1,159,2,14.1,37,57.6,0,0
진로,0,3,11,1,-1.1,91,31.4,0,2
음식,6,5,143,3,32.3,85,87.5,10,0
음식,6,3,104,3,35.0,55,85.8,11,0
음식,6,4,166,1,34.0,67,86.8,3,2
진로,0,4,112,2,-4.0,40,35.8,16,0
공부,4,6,73,3,13.1,85,55.8,16,0
음식,6,6,58,1,34.4,66,87.2,0,2
업무,5,7,21,3,22.1,54,68.3,19,1
일상,7,4,166,1,8.9,85,48.8,21,1
연애,1,6,108,3,19.3,43,64.0,16,0
진로,0,2,137,1,7.1,95,45.1,14,0
인간관계,2,4,39,4,21.5,55,67.6,7,1
소비,3,2,178,1,-0.8,28,41.4,5,1
업무,5,4,81,2,23.8,85,73.5,21,0
연애,1,6,44,4,-1.4,67,34.7,7,1
연애,1,6,97,4,31.4,73,84.0,20,1
음식,6,7,69,2,5.4,62,45.1,2,1
연애,1,1,97,2,24.8,39,70.4,18,0
업무,5,2,90,4,18.1,25,61.9,9,0
진로,0,5,147,2,28.9,79,81.0,10,0
업무,5,7,42,2,-0.7,26,41.8,17,1
일상,7,3,47,3,28.5,88,81.6,21,1
일상,7,2,163,3,0.8,29,43.0,19,0
업무,5,3,138,1,5.9,86,43.8,20,0
소비,3,4,84,4,-2.6,67,32.9,4,0
소비,3,7,67,1,31.9,47,80.3,15,2
음식,6,3,178,2,34.6,95,93.3,12,1
업무,5,4,131,3,25.3,75,74.9,2,0
공부,4,3,59,4,-1.1,66,35.3,18,0
진로,0,7,87,4,21.2,42,66.3,14,0
일상,7,3,47,2,3.7,50,44.0,23,1
진로,0,3,157,1,22.1,43,67.5,12,0
음식,6,6,53,1,-1.2,85,32.2,5,2
진로,0,1,141,3,18.7,44,63.3,20,0
음식,6,2,18,1,4.6,87,41.5,9,2
인간관계,2,6,106,1,26.1,73,75.9,8,2
일상,7,3,12,1,-0.3,40,40.2,15,2
소비,3,1,160,4,5.9,37,47.9,18,0
인간관계,2,4,133,4,6.9,41,48.8,3,0
업무,5,1,147,2,11.2,27,54.5,12,0
일상,7,1,142,1,25.1,51,72.0,21,0
연애,1,2,163,2,-4.8,82,26.8,10,0
연애,1,1,42,2,21.1,36,65.8,17,1
공부,4,7,18,1,34.2,89,91.4,9,2
업무,5,5,53,4,34.1,25,78.8,7,0
공부,4,1,142,3,21.4,81,69.2,4,0
일상,7,6,90,3,19.2,90,66.1,6,1
연애,1,6,21,2,-3.5,43,35.8,9,2
소비,3,2,164,2,18.7,60,64.0,4,0
음식,6,1,150,3,5.4,45,46.6,12,0
일상,7,1,75,4,32.6,43,80.4,17,0
소비,3,1,171,3,34.8,49,84.4,22,0
업무,5,5,178,2,11.8,44,54.7,10,0
음식,6,4,16,2,-1.9,40,38.3,17,2
연애,1,6,150,4,-2.4,36,38.4,11,0
업무,5,7,79,2,29.8,53,78.5,8,1
진로,0,1,106,2,10.1,38,52.8,3,0
인간관계,2,5,88,4,-1.2,69,34.6,22,0
공부,4,5,79,1,30.9,46,78.8,10,1
음식,6,2,98,4,14.1,41,57.6,8,0
진로,0,6,141,2,21.3,43,66.5,12,0
공부,4,1,173,3,23.3,56,70.1,21,0
음식,6,6,127,2,12.6,70,55.2,14,1
공부,4,3,119,2,7.2,36,49.6,9,0
음식,6,7,90,1,20.4,34,64.8,23,2
소비,3,1,52,1,-1.6,61,35.3,17,2
일상,7,7,12,4,22.1,42,67.4,15,2
일상,7,5,146,1,11.2,49,53.8,23,1
진로,0,6,118,3,4.8,92,41.4,21,0
진로,0,5,124,2,22.0,92,71.0,7,0
인간관계,2,1,103,2,15.5,31,59.2,13,0
일상,7,4,53,3,33.8,68,86.7,21,1
소비,3,7,148,1,6.6,86,45.0,9,2
공부,4,2,10,4,3.7,64,42.5,20,0
진로,0,4,168,4,-2.7,25,39.9,19,0
일상,7,3,86,3,-0.7,69,35.4,23,0
인간관계,2,4,100,1,-0.9,87,32.4,6,1
연애,1,5,141,2,11.4,87,52.9,0,1
인간관계,2,7,178,3,4.0,75,41.8,11,0
공부,4,3,119,2,16.5,59,60.9,3,0
일상,7,6,122,2,0.6,80,35.8,0,1
업무,5,7,60,1,2.6,30,44.9,4,2
음식,6,4,94,1,1.4,50,41.0,15,1
공부,4,1,117,4,17.0,41,61.1,10,0
음식,6,5,109,2,-0.6,38,40.2,0,0
인간관계,2,2,98,1,25.7,55,73.2,1,1
업무,5,4,162,1,12.4,62,55.1,9,0
일상,7,1,119,2,19.7,90,66.9,5,0
소비,3,3,39,3,34.8,56,85.8,21,1
음식,6,2,131,1,23.0,89,72.5,19,1
인간관계,2,2,161,2,4.2,41,45.5,12,0
진로,0,3,59,2,12.1,50,54.9,2,1
진로,0,4,114,3,23.0,54,69.5,7,0
업무,5,4,132,1,15.4,31,59.1,9,0
연애,1,3,103,3,32.7,78,86.9,7,0
업무,5,1,56,1,-5.0,66,29.5,6,1
공부,4,4,81,1,12.2,57,54.9,15,1
업무,5,3,87,1,-1.1,26,41.4,21,0
인간관계,2,3,102,3,24.7,92,75.6,19,0
업무,5,2,176,3,3.4,74,41.0,2,0
연애,1,2,171,1,-3.4,49,34.9,6,1
일상,7,1,29,3,7.1,85,45.9,6,0
인간관계,2,1,42,2,11.7,57,54.2,17,1
업무,5,3,124,1,31.4,33,77.3,15,0
음식,6,5,138,1,1.7,60,40.1,22,1
인간관계,2,3,21,1,26.8,49,74.0,23,2
음식,6,4,146,1,1.6,90,36.2,12,1
음식,6,4,165,3,3.3,25,46.2,5,0
소비,3,5,12,4,15.2,92,59.3,8,2
공부,4,7,66,3,23.3,95,73.5,3,1
인간관계,2,2,21,2,6.7,43,48.4,8,2
인간관계,2,3,23,2,34.6,51,84.5,17,2
연애,1,1,176,3,20.3,72,66.9,10,0
연애,1,6,150,3,23.9,77,72.9,19,0
공부,4,3,24,1,28.0,53,76.1,23,2
공부,4,2,75,1,16.5,38,60.4,23,1
음식,6,6,75,2,27.7,53,75.7,10,1
공부,4,2,158,4,1.2,54,40.2,23,0
음식,6,3,47,4,-1.3,48,37.8,14,0
인간관계,2,7,55,2,17.8,48,62.3,20,2
공부,4,1,89,2,30.4,75,82.8,21,0
소비,3,1,46,1,12.1,83,54.2,20,2
음식,6,1,144,2,24.1,26,68.3,19,0
연애,1,4,108,1,-0.6,26,41.9,20,1
진로,0,2,73,1,5.7,26,48.7,0,1
연애,1,5,96,1,3.1,86,39.2,18,2
일상,7,7,51,3,8.3,44,50.3,7,1
진로,0,5,78,1,-4.2,30,37.4,3,1
공부,4,1,140,4,0.7,53,39.7,0,0
소비,3,4,108,2,9.1,61,50.4,7,0
음식,6,6,38,4,1.8,39,42.9,7,1
연애,1,3,101,1,19.6,40,64.2,11,1
연애,1,1,164,2,2.1,92,36.8,10,0
인간관계,2,6,118,2,30.7,63,81.3,19,2
공부,4,3,36,3,31.6,72,84.1,8,0
연애,1,7,10,2,26.1,43,72.4,10,2
인간관계,2,4,124,4,27.6,39,73.7,18,0
음식,6,6,81,2,-1.4,41,38.7,5,1
음식,6,3,91,4,12.0,77,54.2,19,0
업무,5,2,177,2,10.3,95,50.7,15,0
일상,7,5,147,2,10.4,78,51.6,16,0
소비,3,6,32,2,9.5,51,51.5,0,2
업무,5,5,131,2,31.8,32,77.6,11,0
업무,5,7,45,3,13.4,95,56.2,13,1
소비,3,2,67,1,24.9,40,70.6,22,1
